file,path,person,true_vowel,pred_vowel,dist_a,dist_e,dist_i,dist_o,dist_u
dab - a 2.wav,templates_other/Dabbir/dab - a 2.wav,Dabbir,a,u,2804421.228399535,14392.26809080127,305021.1925267952,5545575.896665969,5855.393141686655
dab - i 2.wav,templates_other/Dabbir/dab - i 2.wav,Dabbir,i,u,5498226.79919323,7402.736080249724,458578.2254766883,6477510.782179681,6475.624537279712
dab - u 2.wav,templates_other/Dabbir/dab - u 2.wav,Dabbir,u,u,4684780.29566523,16380.987114290503,624316.5364037412,4484754.846252278,4377.960349194268
dab - e 2.wav,templates_other/Dabbir/dab - e 2.wav,Dabbir,e,u,4173099.694462217,21641.478957664036,673032.2147241201,4934249.642639068,8660.158136759623
dab - o 2.wav,templates_other/Dabbir/dab - o 2.wav,Dabbir,o,u,3183479.7779862196,19704.123148459184,432378.1938246815,5659238.678502019,5439.827714127573
Evelyn - a 2.wav,templates_other/Evelyn/Evelyn - a 2.wav,Evelyn,a,u,5436245.702925165,44025.6922527957,358977.1282873457,6144963.452971292,5348.9238584333025
Evelyn - i 2.wav,templates_other/Evelyn/Evelyn - i 2.wav,Evelyn,i,u,5043422.764819525,50602.844763117704,343634.24690082745,7125820.096865498,5815.910559304768
Evelyn - u 2.wav,templates_other/Evelyn/Evelyn - u 2.wav,Evelyn,u,u,3770986.470753625,19771.633481415516,660583.2502886679,4493802.306326653,4626.268048889669
Evelyn - e 2.wav,templates_other/Evelyn/Evelyn - e 2.wav,Evelyn,e,u,5477297.809164001,51265.482051592095,417020.96639516833,6804199.115261617,4940.881148812571
Evelyn - o 2.wav,templates_other/Evelyn/Evelyn - o 2.wav,Evelyn,o,u,4945195.537615179,15863.731747787213,935049.1682899258,6743519.405244536,5784.074085813781
Fed - a 2.wav,templates_other/Fed/Fed - a 2.wav,Fed,a,u,4980373.940753448,19209.12993416564,875185.9018139462,8844579.978201736,10274.01594913063
Fed - i 2.wav,templates_other/Fed/Fed - i 2.wav,Fed,i,u,3938172.318452338,15307.305169533267,454315.4101086151,6643290.93407398,4860.232981411592
Fed - u 2.wav,templates_other/Fed/Fed - u 2.wav,Fed,u,u,4063582.8340498786,17609.444005343223,643600.2985138979,6312657.137469607,6108.455313422138
Fed - e 2.wav,templates_other/Fed/Fed - e 2.wav,Fed,e,u,5796943.155866283,38680.14411589689,683830.6969949232,6605695.0764908865,9594.043378533132
Fed - o 2.wav,templates_other/Fed/Fed - o 2.wav,Fed,o,u,4698965.121264587,13002.2118313753,558684.1221102127,6273794.584031469,10867.47012053606
Akbar - a 2.wav,templates_other/Akbar/Akbar - a 2.wav,Akbar,a,u,4538313.312297416,20107.993884480584,689535.1491746327,6625647.466652099,12137.067173739051
Akbar - i 2.wav,templates_other/Akbar/Akbar - i 2.wav,Akbar,i,u,5507144.924138232,15565.406788415516,520520.05455408414,6632026.749919888,4654.105234428398
Akbar - u 2.wav,templates_other/Akbar/Akbar - u 2.wav,Akbar,u,u,4924339.759580047,16181.196243961624,714612.1550097204,3974260.5858298005,5168.05812199581
Akbar - e 2.wav,templates_other/Akbar/Akbar - e 2.wav,Akbar,e,u,5252588.147867882,15356.636600963218,373081.665285852,7459219.17759724,6786.347698216283
Akbar - o 2.wav,templates_other/Akbar/Akbar - o 2.wav,Akbar,o,u,4130397.3348979116,19773.305035960915,416613.61639818916,6488402.479429415,6888.159634732007
Justin - a 2.wav,templates_other/Justin/Justin - a 2.wav,Justin,a,u,4914530.997726309,36802.50057482021,737004.8273813658,6771084.143219891,7638.788141005283
Justin - i 2.wav,templates_other/Justin/Justin - i 2.wav,Justin,i,u,5207356.492536844,30374.905203221624,928970.477128232,7307912.376888529,6023.064825407347
Justin - u 2.wav,templates_other/Justin/Justin - u 2.wav,Justin,u,u,5750988.804406989,37361.84565256464,558604.0739317437,6801802.915651054,5161.691746390822
Justin - e 2.wav,templates_other/Justin/Justin - e 2.wav,Justin,e,u,5820290.819556815,33339.27453284088,968815.4409788102,7252283.219492059,7046.414153001108
Justin - o 2.wav,templates_other/Justin/Justin - o 2.wav,Justin,o,u,4707472.858776465,36240.054961234106,320635.9341628127,5213896.933481491,4845.888890686057
Ucup - a 2.wav,templates_other/Ucup/Ucup - a 2.wav,Ucup,a,u,4983688.553098995,44872.71158514395,391847.78970869334,6509623.955065,5171.170069034215
Ucup - i 2.wav,templates_other/Ucup/Ucup - i 2.wav,Ucup,i,u,5021429.792774919,39051.312372179025,338059.07981368527,7700641.267468505,5661.858228062733
Ucup - u 2.wav,templates_other/Ucup/Ucup - u 2.wav,Ucup,u,u,5435123.7297844095,37773.68078070702,391462.4341803792,6690474.067567033,4007.2702078884595
Ucup - e 2.wav,templates_other/Ucup/Ucup - e 2.wav,Ucup,e,u,4224881.128015584,17320.426194400254,168627.40449691904,6356851.896198965,4970.41759672322
Ucup - o 2.wav,templates_other/Ucup/Ucup - o 2.wav,Ucup,o,u,4052002.67395344,21385.499346347144,355670.89066086576,5032577.887472878,5855.162047567851
gon - a 2.wav,templates_other/Gonza/gon - a 2.wav,Gonza,a,u,4626786.810672995,17018.37407155136,300843.05914257054,6484280.424286057,6595.42229042995
gon - i 2.wav,templates_other/Gonza/gon - i 2.wav,Gonza,i,u,4207786.283170621,17651.149977990895,304764.0285343752,6899591.352234326,6765.141390598891
gon - u 2.wav,templates_other/Gonza/gon - u 2.wav,Gonza,u,u,3769964.4126738147,26426.794926245668,365844.98290801834,5451835.423921975,3677.580880300376
gon - e 2.wav,templates_other/Gonza/gon - e 2.wav,Gonza,e,u,5191353.336029656,24557.176580406027,646599.9979189144,7837247.899286325,6047.286543563506
gon - o 2.wav,templates_other/Gonza/gon - o 2.wav,Gonza,o,u,4187635.7326273844,25346.99208319029,517395.8674355927,5106581.413210214,6009.585969171363
ji - a 2.wav,templates_other/Angie/ji - a 2.wav,Angie,a,u,3824381.1171064973,23068.95452648129,954019.392035529,7730502.682076599,5477.5446995741295
ji - i 2.wav,templates_other/Angie/ji - i 2.wav,Angie,i,u,5444324.427101968,11550.315376452794,418445.25282998494,7245190.770929472,8205.141009661216
ji - u 2.wav,templates_other/Angie/ji - u 2.wav,Angie,u,u,3918632.586616673,10231.312974207876,539369.2718943524,5614101.435193268,6835.478728862553
ji - e 2.wav,templates_other/Angie/ji - e 2.wav,Angie,e,u,4184893.6033375137,11121.264610277574,450390.3334170936,5994373.427301089,6631.629505641147
ji - o 2.wav,templates_other/Angie/ji - o 2.wav,Angie,o,u,3316968.266030202,12938.714944358077,537421.0294500351,3544187.2516738754,3924.3792442224344
nan - a 2.wav,templates_other/Adnan/nan - a 2.wav,Adnan,a,u,4090568.2075287006,21385.679471398606,426744.9754743133,6293413.400613304,17172.764505511055
nan - i 2.wav,templates_other/Adnan/nan - i 2.wav,Adnan,i,u,6223404.263413083,11620.003998038714,428940.99788103066,5842207.646980748,5843.158907727612
nan - u 2.wav,templates_other/Adnan/nan - u 2.wav,Adnan,u,u,3537518.7383884205,17943.47236811979,276179.85845606186,5681305.331240181,4849.0744055921305
nan - e 2.wav,templates_other/Adnan/nan - e 2.wav,Adnan,e,u,4409227.173893942,16881.262181350914,308859.1486096089,5294537.061400017,10780.110693466688
nan - o 2.wav,templates_other/Adnan/nan - o 2.wav,Adnan,o,u,4064797.6707893624,17172.356054180033,412796.02324116486,6258182.1895066155,4860.255070082806
zul - a 2.wav,templates_other/Azul/zul - a 2.wav,Azul,a,u,2307754.9519681116,22453.275674197055,421348.5756149059,4546552.034357562,5277.99183710558
zul - i 2.wav,templates_other/Azul/zul - i 2.wav,Azul,i,u,4436566.0223281635,11827.453333225088,195087.09090726005,5867707.628087085,6081.1001167904205
zul - u 2.wav,templates_other/Azul/zul - u 2.wav,Azul,u,u,3803352.7708837814,14167.971611320032,536639.8361736197,4096416.111789776,4542.870951397044
zul - e 2.wav,templates_other/Azul/zul - e 2.wav,Azul,e,u,4469559.1730322195,14862.59726486241,494522.0991722725,5329184.395231868,4293.860794386809
zul - o 2.wav,templates_other/Azul/zul - o 2.wav,Azul,o,u,3148320.814534064,14051.760275444127,555189.906018298,5225290.273103177,4742.95543939634
dab - a 2.wav,templates_other/Dabbir/dab - a 2.wav,Dabbir,a,o,3532728.210268231,9971008.72155277,26454.666196659164,4379.567875685611,2072021.663528309
dab - i 2.wav,templates_other/Dabbir/dab - i 2.wav,Dabbir,i,o,3814708.84349463,13084311.951384133,22521.509367569222,8262.371360941008,3009904.9533002824
dab - u 2.wav,templates_other/Dabbir/dab - u 2.wav,Dabbir,u,o,4620451.993216977,11790958.915018568,30431.612489523923,4410.106405535766,2143723.5379588185
dab - e 2.wav,templates_other/Dabbir/dab - e 2.wav,Dabbir,e,o,4454461.5966804605,9313935.728980534,22504.84327083641,8296.369937813337,2711917.2500778064
dab - o 2.wav,templates_other/Dabbir/dab - o 2.wav,Dabbir,o,o,3682722.6779202144,12076815.719118163,29435.491204745602,4901.119773377141,1594695.2532889948
Evelyn - a 2.wav,templates_other/Evelyn/Evelyn - a 2.wav,Evelyn,a,o,4525312.977163498,13395004.839220172,76739.2102950046,7954.99913461601,2911671.6317311055
Evelyn - i 2.wav,templates_other/Evelyn/Evelyn - i 2.wav,Evelyn,i,o,4787118.878444661,13882062.764261015,51888.054571690234,13988.606465384664,2814692.4844445265
Evelyn - u 2.wav,templates_other/Evelyn/Evelyn - u 2.wav,Evelyn,u,o,3510258.9390159566,11066784.477026537,33741.92974380114,7708.19451811526,2075984.019253254
Evelyn - e 2.wav,templates_other/Evelyn/Evelyn - e 2.wav,Evelyn,e,o,5077376.994473595,11155632.209420288,67233.6070154422,9418.364271871096,2902641.6850489434
Evelyn - o 2.wav,templates_other/Evelyn/Evelyn - o 2.wav,Evelyn,o,o,4506325.92322917,12570262.609036021,30321.82386732847,3464.5635844819712,2088656.699737976
Fed - a 2.wav,templates_other/Fed/Fed - a 2.wav,Fed,a,o,2748094.441762878,12674309.418774853,33859.636551388496,5678.44357968188,2107976.9962510867
Fed - i 2.wav,templates_other/Fed/Fed - i 2.wav,Fed,i,o,4912200.177632897,13075429.052243084,18502.77091534442,6775.555835382539,2963224.261555124
Fed - u 2.wav,templates_other/Fed/Fed - u 2.wav,Fed,u,o,6043051.214082145,11412078.546011386,30599.023645276728,4822.638057509372,2132069.536903571
Fed - e 2.wav,templates_other/Fed/Fed - e 2.wav,Fed,e,o,4537905.508746274,12164998.1630131,37129.86230816271,7202.5181297104255,2977160.490554213
Fed - o 2.wav,templates_other/Fed/Fed - o 2.wav,Fed,o,o,3671865.1490063407,12632500.974506713,31888.975940208165,6379.087258702678,2268419.3139615525
Akbar - a 2.wav,templates_other/Akbar/Akbar - a 2.wav,Akbar,a,o,5143557.488893268,12389986.533685884,53236.07088389244,7311.883038814696,3351744.2778597996
Akbar - i 2.wav,templates_other/Akbar/Akbar - i 2.wav,Akbar,i,o,3472368.2913019457,11280589.216710575,20288.0143120065,10499.618144051423,2974780.0217256118
Akbar - u 2.wav,templates_other/Akbar/Akbar - u 2.wav,Akbar,u,o,5952597.224134516,11954448.107922459,26142.945373193914,7357.972934080986,1877820.2594496375
Akbar - e 2.wav,templates_other/Akbar/Akbar - e 2.wav,Akbar,e,o,3570628.27403829,11005059.315417739,51242.79918576488,9439.781788491615,3299616.4983014814
Akbar - o 2.wav,templates_other/Akbar/Akbar - o 2.wav,Akbar,o,o,3321829.2643473535,13076055.745598571,30265.55778383983,5236.709930032637,3191374.210959112
Justin - a 2.wav,templates_other/Justin/Justin - a 2.wav,Justin,a,o,5099393.106433586,12524141.606861716,58940.4052771887,6805.145903319252,2827432.8824402317
Justin - i 2.wav,templates_other/Justin/Justin - i 2.wav,Justin,i,o,4621024.427303608,12362506.58108794,59498.2947150229,8329.192641959116,2865021.9137528366
Justin - u 2.wav,templates_other/Justin/Justin - u 2.wav,Justin,u,o,5276846.421603602,13072184.901039341,81989.82006729337,7626.403079109575,2949015.7476243414
Justin - e 2.wav,templates_other/Justin/Justin - e 2.wav,Justin,e,o,5034661.420807421,12984652.259439021,74921.6105147899,7195.7651153876095,3133612.8101847037
Justin - o 2.wav,templates_other/Justin/Justin - o 2.wav,Justin,o,o,4461732.3625376895,11627942.450634936,95531.26969648838,7406.868182903549,2082553.1658121597
Ucup - a 2.wav,templates_other/Ucup/Ucup - a 2.wav,Ucup,a,o,4161786.1087102913,12727400.130176717,72082.09752696031,6952.196466883834,2723026.2603490297
Ucup - i 2.wav,templates_other/Ucup/Ucup - i 2.wav,Ucup,i,o,4678693.093389191,13492900.710340083,71982.21777562694,7933.953144218278,3074637.0325007043
Ucup - u 2.wav,templates_other/Ucup/Ucup - u 2.wav,Ucup,u,o,4738049.820942562,12401626.789710695,86720.66893876217,6660.234540647919,2197265.47897544
Ucup - e 2.wav,templates_other/Ucup/Ucup - e 2.wav,Ucup,e,o,4353362.096466982,11262150.79451027,39740.117929316504,7620.530245035505,2981518.1471519726
Ucup - o 2.wav,templates_other/Ucup/Ucup - o 2.wav,Ucup,o,o,5251304.7607164765,12956564.516816514,14988.51873634623,4799.9678426127575,3271165.1485094787
gon - a 2.wav,templates_other/Gonza/gon - a 2.wav,Gonza,a,o,4080920.4574429947,11617645.574843742,29186.88080725551,9037.885879940592,2756859.374154432
gon - i 2.wav,templates_other/Gonza/gon - i 2.wav,Gonza,i,o,4266874.937585407,11645806.405224284,20239.22339787283,7084.959098752194,3142056.0454133064
gon - u 2.wav,templates_other/Gonza/gon - u 2.wav,Gonza,u,o,3345468.6259659324,9814015.700436926,28334.373828874803,5955.889479196503,1623560.7617094275
gon - e 2.wav,templates_other/Gonza/gon - e 2.wav,Gonza,e,o,7122022.203933355,11473316.61658906,38338.74808250064,6411.820690855449,2994233.3355837795
gon - o 2.wav,templates_other/Gonza/gon - o 2.wav,Gonza,o,o,3651649.151589865,10899601.301977424,39969.18914091361,7493.630422350166,2346443.1098356186
ji - a 2.wav,templates_other/Angie/ji - a 2.wav,Angie,a,o,3036057.5043780333,9814801.96689202,23293.605219164183,6434.799100000378,2564648.827605506
ji - i 2.wav,templates_other/Angie/ji - i 2.wav,Angie,i,o,3243081.873801205,12347831.374380521,31584.512222819565,4984.179818492628,2706739.681582311
ji - u 2.wav,templates_other/Angie/ji - u 2.wav,Angie,u,o,4100645.009410406,12080620.867292916,21431.579373054912,2917.8715916509555,1835513.9705612396
ji - e 2.wav,templates_other/Angie/ji - e 2.wav,Angie,e,o,4314448.821986514,9746277.992514009,23579.667617278043,6656.5256213477005,3098356.9544907664
ji - o 2.wav,templates_other/Angie/ji - o 2.wav,Angie,o,o,3144167.937333604,11315368.79742097,25800.505995094412,4295.9421483147025,1274692.4935510748
nan - a 2.wav,templates_other/Adnan/nan - a 2.wav,Adnan,a,o,3260105.5983905364,11824798.861761717,33442.84949107351,3390.5760429321394,3616727.2258563098
nan - i 2.wav,templates_other/Adnan/nan - i 2.wav,Adnan,i,o,5718141.945013978,11135041.12225891,41339.83360000073,6677.033409432889,2238829.204721263
nan - u 2.wav,templates_other/Adnan/nan - u 2.wav,Adnan,u,o,3586227.964803675,9191571.468310386,21833.59460925023,7255.079019303124,1484230.3914500868
nan - e 2.wav,templates_other/Adnan/nan - e 2.wav,Adnan,e,o,3946451.4690572154,10804650.247569116,31850.008885588686,6901.031946341615,2570461.1162504037
nan - o 2.wav,templates_other/Adnan/nan - o 2.wav,Adnan,o,o,4053035.374398175,12123759.961127197,38333.366357247985,10111.792796684722,2441723.546233311
zul - a 2.wav,templates_other/Azul/zul - a 2.wav,Azul,a,o,3413104.259659477,9819546.184443118,17927.0730609634,4457.602717732203,1645925.1552165989
zul - i 2.wav,templates_other/Azul/zul - i 2.wav,Azul,i,o,5261280.386291464,11641045.215016996,38547.3766046678,5412.738718131154,2527859.6750612953
zul - u 2.wav,templates_other/Azul/zul - u 2.wav,Azul,u,o,3750059.6502755485,11274568.294430127,26801.624056907007,6141.569650567869,2349056.0143921333
zul - e 2.wav,templates_other/Azul/zul - e 2.wav,Azul,e,o,4835523.667720296,10932488.378305344,17550.463948622655,4616.204365699209,1971885.9026865491
zul - o 2.wav,templates_other/Azul/zul - o 2.wav,Azul,o,o,5100366.982140651,11421752.105631664,41131.94485215379,4439.994171913013,2053411.1909539432
dab - a 2.wav,templates_other/Dabbir/dab - a 2.wav,Dabbir,a,a,3807.9434463196526,9725749.13029481,2288719.1092202123,6484006.869098641,847572.0034933578
dab - i 2.wav,templates_other/Dabbir/dab - i 2.wav,Dabbir,i,a,2691.499915551773,11833339.31197901,1744911.952647975,7211305.9266077345,1355795.258234425
dab - u 2.wav,templates_other/Dabbir/dab - u 2.wav,Dabbir,u,a,3484.5986729417314,10197222.065925067,2664701.736235068,5493397.690206152,989216.3377813076
dab - e 2.wav,templates_other/Dabbir/dab - e 2.wav,Dabbir,e,a,3321.2698076450747,9092346.222727617,1742370.0575626744,5919747.146769777,951154.9269933008
dab - o 2.wav,templates_other/Dabbir/dab - o 2.wav,Dabbir,o,a,3105.749648289477,10997256.157664761,2178068.8931636754,7059253.378425275,454113.89636225376
Evelyn - a 2.wav,templates_other/Evelyn/Evelyn - a 2.wav,Evelyn,a,a,3009.0150771606222,13342056.450949535,2685610.164183906,8530131.26717766,1216291.473021582
Evelyn - i 2.wav,templates_other/Evelyn/Evelyn - i 2.wav,Evelyn,i,a,6301.878768430858,13399400.595146721,2211674.9041751768,8240187.56806957,1196549.4948857445
Evelyn - u 2.wav,templates_other/Evelyn/Evelyn - u 2.wav,Evelyn,u,a,2948.2053037288365,13908965.665820071,2581975.4171104566,7639887.407486141,1075371.73177456
Evelyn - e 2.wav,templates_other/Evelyn/Evelyn - e 2.wav,Evelyn,e,a,4122.346481731446,11255705.202655658,2698191.1731790113,8650179.678066043,1335399.0307048934
Evelyn - o 2.wav,templates_other/Evelyn/Evelyn - o 2.wav,Evelyn,o,a,2872.2701197926594,13341708.386354769,3383395.300252989,5621055.80982021,1574019.9891436305
Fed - a 2.wav,templates_other/Fed/Fed - a 2.wav,Fed,a,a,3136.132773745195,11814722.21349004,1800404.5840285495,7845221.931719718,1960466.6678246248
Fed - i 2.wav,templates_other/Fed/Fed - i 2.wav,Fed,i,a,3124.638111232706,10140679.113705542,1801830.4137714177,6895223.138615551,1141053.060190765
Fed - u 2.wav,templates_other/Fed/Fed - u 2.wav,Fed,u,a,3153.0961283879765,12174189.273008743,2182110.940277897,6090693.632393918,916408.4746020212
Fed - e 2.wav,templates_other/Fed/Fed - e 2.wav,Fed,e,a,2480.8209601349945,12316990.301155016,3021149.9574522544,8031636.173793036,1440244.5107125586
Fed - o 2.wav,templates_other/Fed/Fed - o 2.wav,Fed,o,a,2845.426224113829,12187425.067971827,2016134.3814370933,5626559.938316383,1713415.1254250966
Akbar - a 2.wav,templates_other/Akbar/Akbar - a 2.wav,Akbar,a,a,2103.554877439283,13287232.87934198,2882906.188621582,8991853.981703453,2701487.8167007565
Akbar - i 2.wav,templates_other/Akbar/Akbar - i 2.wav,Akbar,i,a,2002.555128800824,11494340.558187911,2503052.940987187,6515234.126659795,1117760.4934313153
Akbar - u 2.wav,templates_other/Akbar/Akbar - u 2.wav,Akbar,u,a,3273.6638945351647,11703502.383004865,2475251.7405799306,6889517.544609834,1245795.8274646413
Akbar - e 2.wav,templates_other/Akbar/Akbar - e 2.wav,Akbar,e,a,2448.880677572042,11651738.78460481,3568323.732175106,7890746.381255026,2244536.49814172
Akbar - o 2.wav,templates_other/Akbar/Akbar - o 2.wav,Akbar,o,a,2789.638905810834,12887804.806230582,2249387.9168713423,6285908.773007539,1800918.324184605
Justin - a 2.wav,templates_other/Justin/Justin - a 2.wav,Justin,a,a,2742.1088859076094,12203931.455426954,2639454.319963552,8328506.659700252,1484490.9531024762
Justin - i 2.wav,templates_other/Justin/Justin - i 2.wav,Justin,i,a,2910.15741752407,12726432.035643077,2954378.1983851255,8476368.05857725,1558111.831442912
Justin - u 2.wav,templates_other/Justin/Justin - u 2.wav,Justin,u,a,3346.357952506211,12741692.52517,2406854.2768430267,8307063.906838252,1465917.1146762625
Justin - e 2.wav,templates_other/Justin/Justin - e 2.wav,Justin,e,a,3163.625589176316,13456255.581254805,2965864.109914059,9330464.289038567,1419417.8793106724
Justin - o 2.wav,templates_other/Justin/Justin - o 2.wav,Justin,o,a,4780.93588480155,13439613.029944083,2129745.6077459226,8232436.774220201,1087794.3601023993
Ucup - a 2.wav,templates_other/Ucup/Ucup - a 2.wav,Ucup,a,a,3387.9402100939537,12865288.03656376,2556714.9703571466,8285781.150022287,1138565.071686533
Ucup - i 2.wav,templates_other/Ucup/Ucup - i 2.wav,Ucup,i,a,4510.879274275229,13355561.906707758,2887878.9999508304,8557714.876156358,1050884.0844012972
Ucup - u 2.wav,templates_other/Ucup/Ucup - u 2.wav,Ucup,u,a,4144.9623524830795,13018017.09002394,2293256.322842283,8189379.202600167,1263711.3968177687
Ucup - e 2.wav,templates_other/Ucup/Ucup - e 2.wav,Ucup,e,a,2364.0723494261238,10795603.13790172,2465198.591271089,8044741.034855444,728913.8821472004
Ucup - o 2.wav,templates_other/Ucup/Ucup - o 2.wav,Ucup,o,a,2961.3690845066253,11859302.604220262,1934408.2931314267,6695290.99567723,943898.2811305728
gon - a 2.wav,templates_other/Gonza/gon - a 2.wav,Gonza,a,a,3919.8037437289095,10085487.227220124,1823559.3235684645,7975078.876490531,1112578.3884734383
gon - i 2.wav,templates_other/Gonza/gon - i 2.wav,Gonza,i,a,2552.7051921468433,10129620.863423573,1451305.515353367,6368221.403477073,1330965.6980412386
gon - u 2.wav,templates_other/Gonza/gon - u 2.wav,Gonza,u,a,2658.78844349127,9726782.571062343,1450417.0147936214,5862610.906146039,421467.7870328857
gon - e 2.wav,templates_other/Gonza/gon - e 2.wav,Gonza,e,a,2943.3662168691276,9611953.90425496,2171730.443010287,8323565.999874696,1596406.0680795992
gon - o 2.wav,templates_other/Gonza/gon - o 2.wav,Gonza,o,a,2862.658512864946,9941401.27437994,1893203.5041522577,7683610.972752649,1423487.9699526236
ji - a 2.wav,templates_other/Angie/ji - a 2.wav,Angie,a,a,3424.504370494622,11826486.286044339,2639817.2957366626,9619744.4017428,1287094.9879437396
ji - i 2.wav,templates_other/Angie/ji - i 2.wav,Angie,i,a,2992.4989046311443,13187089.442701543,1227502.0889443501,6105021.056926423,1643753.770036063
ji - u 2.wav,templates_other/Angie/ji - u 2.wav,Angie,u,a,2449.134408925389,12564590.414995223,2013439.1841723968,6337249.888302659,973505.2648600257
ji - e 2.wav,templates_other/Angie/ji - e 2.wav,Angie,e,a,2981.154194211289,8935036.656465659,1988895.9308596456,8145978.269429906,2678492.0413661143
ji - o 2.wav,templates_other/Angie/ji - o 2.wav,Angie,o,a,2531.0639137958874,10361974.727591868,3551670.5661066975,6816665.519366269,1289588.5741775061
nan - a 2.wav,templates_other/Adnan/nan - a 2.wav,Adnan,a,a,3663.439280558123,11215753.072096488,2142681.0658116923,8455957.361381898,2203209.9417994083
nan - i 2.wav,templates_other/Adnan/nan - i 2.wav,Adnan,i,a,2825.2499600927713,10206049.209779875,1929113.9677758068,7300584.84362217,945516.4247442704
nan - u 2.wav,templates_other/Adnan/nan - u 2.wav,Adnan,u,a,3276.233484321963,9217347.59239024,1364968.7231519453,5837790.050876931,467015.29801981867
nan - e 2.wav,templates_other/Adnan/nan - e 2.wav,Adnan,e,a,2700.3920336701667,9964161.448305255,2081552.3784928822,7951666.375423896,1345127.237981567
nan - o 2.wav,templates_other/Adnan/nan - o 2.wav,Adnan,o,a,2360.9573908353764,11100342.330168553,2181281.0602193098,6517100.958658111,728861.0843399497
zul - a 2.wav,templates_other/Azul/zul - a 2.wav,Azul,a,a,3430.945133206194,10821980.668548042,2201969.718234545,6850538.341989055,649002.0540477169
zul - i 2.wav,templates_other/Azul/zul - i 2.wav,Azul,i,a,2551.0700404860754,10398632.016927263,2422711.1450340333,8461684.439679926,719279.8241282767
zul - u 2.wav,templates_other/Azul/zul - u 2.wav,Azul,u,a,3301.1956165179454,11410862.847409181,2356361.1995483395,6903687.951659422,641484.8405879728
zul - e 2.wav,templates_other/Azul/zul - e 2.wav,Azul,e,a,4027.629046920431,9907265.932349643,2443456.766357833,7064672.011749911,1440840.643767275
zul - o 2.wav,templates_other/Azul/zul - o 2.wav,Azul,o,a,3553.206398425738,10827277.941322304,2402369.764923056,6695010.408211968,665745.0179233805
dab - a 2.wav,templates_other/Dabbir/dab - a 2.wav,Dabbir,a,u,953.012862443282,541.5275663003804,1219.3463818044775,953.6725148558875,297.465330464885
dab - i 2.wav,templates_other/Dabbir/dab - i 2.wav,Dabbir,i,u,1213.471060268664,429.1024420673652,575.7621166278049,1208.9971202496192,379.03845483492813
dab - u 2.wav,templates_other/Dabbir/dab - u 2.wav,Dabbir,u,u,907.8212141477032,379.2640274120492,818.5053147932343,742.2620027337207,183.43467626806606
dab - e 2.wav,templates_other/Dabbir/dab - e 2.wav,Dabbir,e,e,743.2668977119546,256.61781901226124,1087.0786404355074,634.0544208300811,265.7022598728321
dab - o 2.wav,templates_other/Dabbir/dab - o 2.wav,Dabbir,o,u,997.3579246842636,358.180134652053,1176.6450752461556,802.4975972499396,231.09916209376365
Evelyn - a 2.wav,templates_other/Evelyn/Evelyn - a 2.wav,Evelyn,a,u,1651.0538033784571,708.6278630862865,1626.2725036835218,1835.977306100518,321.8757428106514
Evelyn - i 2.wav,templates_other/Evelyn/Evelyn - i 2.wav,Evelyn,i,u,1873.3324067057868,663.9229773315716,741.8630187422254,2351.9598621810132,417.8224081034229
Evelyn - u 2.wav,templates_other/Evelyn/Evelyn - u 2.wav,Evelyn,u,u,1390.755010260061,586.3271965610323,1125.5392513164143,1393.8678726856451,402.5362679724347
Evelyn - e 2.wav,templates_other/Evelyn/Evelyn - e 2.wav,Evelyn,e,u,1381.391883985362,639.7612306342804,996.5950957658291,2276.0808875363787,324.8456463269443
Evelyn - o 2.wav,templates_other/Evelyn/Evelyn - o 2.wav,Evelyn,o,u,1050.632197115384,636.9799230968491,1470.5637915384548,968.6357791844558,289.5584576265126
Fed - a 2.wav,templates_other/Fed/Fed - a 2.wav,Fed,a,u,1142.027255263394,527.8896015624563,980.8577005154366,1691.2138455889465,498.79817920110116
Fed - i 2.wav,templates_other/Fed/Fed - i 2.wav,Fed,i,u,977.0848049717724,495.5633073596539,865.9188262438062,1172.429741020007,384.3996957374308
Fed - u 2.wav,templates_other/Fed/Fed - u 2.wav,Fed,u,u,1268.3132267298133,367.0479755094516,827.5248649468464,1061.686332587003,246.50357622668184
Fed - e 2.wav,templates_other/Fed/Fed - e 2.wav,Fed,e,u,2492.604423958884,516.0040534733749,945.702723675247,2619.020151467274,448.7420838948013
Fed - o 2.wav,templates_other/Fed/Fed - o 2.wav,Fed,o,u,1153.7860244344645,742.5762503357278,839.7748896315721,1575.7607307432245,338.0455239557811
Akbar - a 2.wav,templates_other/Akbar/Akbar - a 2.wav,Akbar,a,u,1466.13403588859,484.6354666335022,935.7109374832045,1760.5525728114997,411.13188816558494
Akbar - i 2.wav,templates_other/Akbar/Akbar - i 2.wav,Akbar,i,u,1310.290110275722,473.38759777977333,618.2284680500356,1069.829107748041,450.14048939728633
Akbar - u 2.wav,templates_other/Akbar/Akbar - u 2.wav,Akbar,u,u,1218.338035778499,478.1356322334943,637.0958933225405,844.0728252995872,246.94194499571438
Akbar - e 2.wav,templates_other/Akbar/Akbar - e 2.wav,Akbar,e,u,1590.0625599249624,626.1805664427341,1116.340847340797,1483.4426151457712,485.61460324551325
Akbar - o 2.wav,templates_other/Akbar/Akbar - o 2.wav,Akbar,o,u,1276.963641033914,464.19394775439287,881.7793213108467,1282.75557695708,429.4365812319432
Justin - a 2.wav,templates_other/Justin/Justin - a 2.wav,Justin,a,u,1808.2527964923408,753.047830150232,1297.8604168459758,1874.4389465593902,291.05802716512045
Justin - i 2.wav,templates_other/Justin/Justin - i 2.wav,Justin,i,u,2041.8615103364773,642.7746541095373,948.120678337627,2246.8600699065264,296.8494313521283
Justin - u 2.wav,templates_other/Justin/Justin - u 2.wav,Justin,u,u,3190.2293676650565,797.3318095969325,1537.39915780109,2453.703320725817,231.23833436181357
Justin - e 2.wav,templates_other/Justin/Justin - e 2.wav,Justin,e,u,2057.1199436979246,592.0289478967987,1160.1768316247537,2476.465823626531,334.741550970212
Justin - o 2.wav,templates_other/Justin/Justin - o 2.wav,Justin,o,u,1569.932508184611,609.3759137333963,1503.1774955539229,1630.3398016923359,186.39438458864933
Ucup - a 2.wav,templates_other/Ucup/Ucup - a 2.wav,Ucup,a,u,1450.0915542661903,606.2244678942038,1629.4729372791041,2009.565638681425,374.48997869804424
Ucup - i 2.wav,templates_other/Ucup/Ucup - i 2.wav,Ucup,i,u,1694.0457983339318,639.4100491867224,1014.1125527660428,2012.1579186066047,363.91131018095166
Ucup - u 2.wav,templates_other/Ucup/Ucup - u 2.wav,Ucup,u,u,1827.9172114554174,625.5059779695043,1531.5450155653614,1544.8064025142096,208.21972814181586
Ucup - e 2.wav,templates_other/Ucup/Ucup - e 2.wav,Ucup,e,e,997.3726715977529,398.73881039249517,875.4420638635557,1536.4567919419253,501.1668058297589
Ucup - o 2.wav,templates_other/Ucup/Ucup - o 2.wav,Ucup,o,u,1408.670053080424,471.6748138861364,700.1391584093584,1205.9928682264822,346.2198663199865
gon - a 2.wav,templates_other/Gonza/gon - a 2.wav,Gonza,a,u,1077.7392572691035,720.1092465539151,692.4714653585166,1319.917794969287,437.4959896806591
gon - i 2.wav,templates_other/Gonza/gon - i 2.wav,Gonza,i,u,1116.8138657880365,547.8928160022598,473.0151177247663,1230.091807884154,446.83480775200337
gon - u 2.wav,templates_other/Gonza/gon - u 2.wav,Gonza,u,u,971.0266273070056,339.39674393178797,1058.0595819168495,1253.9040359052065,259.3911861865333
gon - e 2.wav,templates_other/Gonza/gon - e 2.wav,Gonza,e,e,945.2559227644828,328.204205927429,1109.5732974146906,960.2707278644839,354.76890377175505
gon - o 2.wav,templates_other/Gonza/gon - o 2.wav,Gonza,o,u,1362.3017281513494,405.70344410778756,551.5075782208196,946.8607291237007,262.8104546214149
ji - a 2.wav,templates_other/Angie/ji - a 2.wav,Angie,a,u,1101.8840512757822,899.52055859758,959.2136261987966,1306.861509980996,334.5476401202293
ji - i 2.wav,templates_other/Angie/ji - i 2.wav,Angie,i,u,1234.8945014646115,686.2686099438362,589.6008441701401,817.2556993602071,438.1255846761974
ji - u 2.wav,templates_other/Angie/ji - u 2.wav,Angie,u,u,1389.7634739461137,686.7030600877862,1061.0992081574727,898.3061255267243,350.03718525873364
ji - e 2.wav,templates_other/Angie/ji - e 2.wav,Angie,e,e,1271.1677553850643,362.94291822478743,645.4308971148581,1453.6729417905888,401.4766270285806
ji - o 2.wav,templates_other/Angie/ji - o 2.wav,Angie,o,u,1063.2910058269583,518.7799783090663,953.7493678289507,837.0839163469545,267.2523864006642
nan - a 2.wav,templates_other/Adnan/nan - a 2.wav,Adnan,a,u,767.6090048241757,693.8175737189976,541.3755722674574,1543.4713580431305,326.3366777724891
nan - i 2.wav,templates_other/Adnan/nan - i 2.wav,Adnan,i,u,1106.486520938776,488.9131763854539,703.5551205393667,1098.0351019865168,198.0858947294754
nan - u 2.wav,templates_other/Adnan/nan - u 2.wav,Adnan,u,u,1160.7528694707553,339.02778349315776,888.7060996828858,1018.8364209279398,274.1924663824723
nan - e 2.wav,templates_other/Adnan/nan - e 2.wav,Adnan,e,u,1077.3185603970262,316.02145602175136,746.7279206889134,1340.103528205818,252.54112601759599
nan - o 2.wav,templates_other/Adnan/nan - o 2.wav,Adnan,o,u,849.398899257899,380.3439892239964,1169.75050613681,1042.4138660397123,287.30245701184475
zul - a 2.wav,templates_other/Azul/zul - a 2.wav,Azul,a,u,1091.628426901586,746.8067915733182,1442.119875779231,880.0595835732851,370.58331605675676
zul - i 2.wav,templates_other/Azul/zul - i 2.wav,Azul,i,u,1161.548463374238,406.22114653013904,796.8283030315437,814.8597944798877,255.57875293731186
zul - u 2.wav,templates_other/Azul/zul - u 2.wav,Azul,u,u,1183.7364352888387,473.9881380507384,1325.1770557963227,741.0533094097291,163.28555464497137
zul - e 2.wav,templates_other/Azul/zul - e 2.wav,Azul,e,u,973.8439087038128,382.648889615622,1091.7282494242133,896.7556465362735,220.43043096589483
zul - o 2.wav,templates_other/Azul/zul - o 2.wav,Azul,o,u,1000.9846843305887,442.74848808996086,1119.8172436775271,677.5402722533838,224.03082082765818
dab - a 2.wav,templates_other/Dabbir/dab - a 2.wav,Dabbir,a,u,5171801.124879722,2813356.336832216,5277075.551054883,5126479.269233052,6383.650100866479
dab - i 2.wav,templates_other/Dabbir/dab - i 2.wav,Dabbir,i,u,7980893.004229725,3165379.820977412,3234162.220818681,4342792.305747178,6897.2335521415725
dab - u 2.wav,templates_other/Dabbir/dab - u 2.wav,Dabbir,u,u,6684657.49538749,3411967.6463935724,4944218.155744649,3813482.0752467006,4315.2971178572625
dab - e 2.wav,templates_other/Dabbir/dab - e 2.wav,Dabbir,e,u,7057841.170158774,3047416.0197981764,3700302.85739365,4482269.194347816,5345.962610376385
dab - o 2.wav,templates_other/Dabbir/dab - o 2.wav,Dabbir,o,u,6613531.706745185,2751316.6524538053,4458389.605819699,3858227.856140165,4091.4876263966894
Evelyn - a 2.wav,templates_other/Evelyn/Evelyn - a 2.wav,Evelyn,a,u,8178290.460820138,4546672.402528088,5012556.269610361,5319716.50227853,6940.603874896372
Evelyn - i 2.wav,templates_other/Evelyn/Evelyn - i 2.wav,Evelyn,i,u,7491369.762312568,4575337.39957188,4494699.935802746,6479116.810672782,9889.523435654437
Evelyn - u 2.wav,templates_other/Evelyn/Evelyn - u 2.wav,Evelyn,u,u,6273819.098105061,4598579.370372517,5712488.329483911,5181535.529172613,6070.305092830262
Evelyn - e 2.wav,templates_other/Evelyn/Evelyn - e 2.wav,Evelyn,e,u,7012173.488569699,4388126.307231698,4909995.207447856,5970295.892589424,8711.953523848233
Evelyn - o 2.wav,templates_other/Evelyn/Evelyn - o 2.wav,Evelyn,o,u,6265397.673908559,3516016.1427026987,6942459.058415457,4644910.672911383,4581.978459302278
Fed - a 2.wav,templates_other/Fed/Fed - a 2.wav,Fed,a,u,7411495.813996657,3530935.20015291,6298760.610906787,6905057.800462235,8178.575743548591
Fed - i 2.wav,templates_other/Fed/Fed - i 2.wav,Fed,i,u,9460767.184637228,3535995.4329638793,3813514.896390848,6563353.589438836,10198.749730920761
Fed - u 2.wav,templates_other/Fed/Fed - u 2.wav,Fed,u,u,7294623.684653436,3422813.2844881997,5704312.6967272945,5359701.404877437,4601.699908608477
Fed - e 2.wav,templates_other/Fed/Fed - e 2.wav,Fed,e,u,8953076.118005192,4388596.781513517,5544413.933469702,7897171.13394387,7009.662206378066
Fed - o 2.wav,templates_other/Fed/Fed - o 2.wav,Fed,o,u,5385235.065240122,2780805.013092712,4932579.900467274,5738792.548755918,5920.8573565200795
Akbar - a 2.wav,templates_other/Akbar/Akbar - a 2.wav,Akbar,a,u,6897879.688884086,4215159.487198635,5582804.513891721,5719049.838049762,7419.729850650027
Akbar - i 2.wav,templates_other/Akbar/Akbar - i 2.wav,Akbar,i,u,8290220.306580409,4025490.366764408,2668632.2782688416,6662803.087652591,7450.627296610465
Akbar - u 2.wav,templates_other/Akbar/Akbar - u 2.wav,Akbar,u,u,7843670.301405933,3383739.5207441165,4292724.9317413205,3597025.8009415846,4027.0069101673002
Akbar - e 2.wav,templates_other/Akbar/Akbar - e 2.wav,Akbar,e,u,9533225.041309064,3870477.739839345,4388814.10621305,6650332.203107177,8527.535253396496
Akbar - o 2.wav,templates_other/Akbar/Akbar - o 2.wav,Akbar,o,u,6881421.765728705,3621053.534012737,4498474.722675144,5341097.8350657495,9016.537985167348
Justin - a 2.wav,templates_other/Justin/Justin - a 2.wav,Justin,a,u,7343598.249858412,4548271.395847143,5789144.088457179,5800530.429434207,8359.012493839007
Justin - i 2.wav,templates_other/Justin/Justin - i 2.wav,Justin,i,u,7535555.434201963,5043310.281162017,5355596.726688941,6202153.535013604,7423.420401660352
Justin - u 2.wav,templates_other/Justin/Justin - u 2.wav,Justin,u,u,8451428.299853345,5563746.015774159,5433845.196968159,6697114.631046065,8333.580463834764
Justin - e 2.wav,templates_other/Justin/Justin - e 2.wav,Justin,e,u,8233424.871251979,5241531.5195847815,5306670.005433451,7240309.234876801,8494.33331536365
Justin - o 2.wav,templates_other/Justin/Justin - o 2.wav,Justin,o,u,8010825.3099061595,4994687.854455888,5660645.888686505,4924703.977273836,8032.516563182623
Ucup - a 2.wav,templates_other/Ucup/Ucup - a 2.wav,Ucup,a,u,8074955.428953213,4453004.367961097,5242354.913466237,5559218.21314137,11099.877617323247
Ucup - i 2.wav,templates_other/Ucup/Ucup - i 2.wav,Ucup,i,u,7951486.080093752,4603293.926854661,4952135.320161636,5832776.974908332,9776.215155410506
Ucup - u 2.wav,templates_other/Ucup/Ucup - u 2.wav,Ucup,u,u,7703467.792148799,4247196.658401501,5542768.872046572,4994638.771163371,8055.625821743641
Ucup - e 2.wav,templates_other/Ucup/Ucup - e 2.wav,Ucup,e,u,8624493.10412251,3934407.65849389,4197834.543209731,6410790.968508776,4363.728267816284
Ucup - o 2.wav,templates_other/Ucup/Ucup - o 2.wav,Ucup,o,u,6327142.876327365,3304574.384120049,4811180.859238789,4717167.579964948,4831.614593665961
gon - a 2.wav,templates_other/Gonza/gon - a 2.wav,Gonza,a,u,7757974.550099107,2592307.471838785,4771703.074563849,5482626.6693006335,9068.189742813965
gon - i 2.wav,templates_other/Gonza/gon - i 2.wav,Gonza,i,u,8887284.94897548,3285674.363660507,3578876.4156755903,5926535.897164579,6957.661534736294
gon - u 2.wav,templates_other/Gonza/gon - u 2.wav,Gonza,u,u,7158938.273711562,3377273.1117413635,5318824.135349001,5799884.250300914,6769.3988036938945
gon - e 2.wav,templates_other/Gonza/gon - e 2.wav,Gonza,e,u,8590188.167661881,2691063.410108798,4002472.3502736823,6514764.272314124,3686.938311677362
gon - o 2.wav,templates_other/Gonza/gon - o 2.wav,Gonza,o,u,6442369.255219129,3095831.5339286216,3086426.8775180797,3728818.5733355097,5754.082392630405
ji - a 2.wav,templates_other/Angie/ji - a 2.wav,Angie,a,u,6905834.989545293,3871076.5721281716,5086824.979973435,5513548.013877924,6619.019262420585
ji - i 2.wav,templates_other/Angie/ji - i 2.wav,Angie,i,u,8374084.833993289,3269557.289872451,3729593.970922351,4772112.252832263,6266.483832464201
ji - u 2.wav,templates_other/Angie/ji - u 2.wav,Angie,u,u,6638726.259336096,3805128.3635378145,5511386.351722499,5333076.685004491,4334.886531229592
ji - e 2.wav,templates_other/Angie/ji - e 2.wav,Angie,e,u,7627111.819466972,3413344.522431129,4967952.136525082,5631749.859499996,8575.42565320201
ji - o 2.wav,templates_other/Angie/ji - o 2.wav,Angie,o,u,6389934.125107956,4070055.453591773,4016581.4585412075,4772053.627168703,4522.596816400395
nan - a 2.wav,templates_other/Adnan/nan - a 2.wav,Adnan,a,u,4580324.625706075,3274379.9704488716,4999326.7524168305,6291754.838498794,5788.890574288525
nan - i 2.wav,templates_other/Adnan/nan - i 2.wav,Adnan,i,u,8391411.259756038,3739046.343965609,3545675.481363017,5015809.084099553,4290.370792344048
nan - u 2.wav,templates_other/Adnan/nan - u 2.wav,Adnan,u,u,7432185.039188462,3261869.79763107,3215606.2415027376,5037817.036678311,6140.572355825806
nan - e 2.wav,templates_other/Adnan/nan - e 2.wav,Adnan,e,u,6517540.165034991,1872072.544617867,3787196.9747501053,7093959.112392124,5982.539371752436
nan - o 2.wav,templates_other/Adnan/nan - o 2.wav,Adnan,o,u,6936985.654473183,3699625.6184878363,4286216.206445656,5277030.560876864,4646.164989758162
zul - a 2.wav,templates_other/Azul/zul - a 2.wav,Azul,a,u,5159005.684229133,2477190.692972811,4879003.039563403,4221159.012573405,5572.680881930151
zul - i 2.wav,templates_other/Azul/zul - i 2.wav,Azul,i,u,7988136.666241959,4754162.550627054,4822100.012362227,5036669.473893779,8033.233329682597
zul - u 2.wav,templates_other/Azul/zul - u 2.wav,Azul,u,u,6617594.270484361,3626998.543681547,5391027.050626606,3872729.9031733777,3897.0241053702825
zul - e 2.wav,templates_other/Azul/zul - e 2.wav,Azul,e,u,7156221.637146312,2789744.737551712,5131182.686706418,4608961.9735471895,7283.643042543857
zul - o 2.wav,templates_other/Azul/zul - o 2.wav,Azul,o,u,6391424.22355727,2934978.218209075,6381605.869191886,4320986.648095533,3664.579382973807
